{
  "suggestionChannel": "1096139201570930780",
  "suggestions": [
    {
      "messageId": "1096136426183204874",
      "authorId": "307900989455859723",
      "title": "Test",
      "description": "Test",
      "image": "None",
      "score": 2,
      "positiveVotes": 3,
      "neutralVotes": 1,
      "negativeVotes": 1,
      "positive": null,
      "votes": {
        "307900989455859723": 1
      }
    },
    {
      "messageId": "1096140130986766416",
      "authorId": "307900989455859723",
      "title": "Mega cool suggestion!",
      "description": "Very cool, plz upvote",
      "image": "None",
      "score": -1,
      "positiveVotes": 0,
      "neutralVotes": 0,
      "negativeVotes": 1,
      "votes": {
        "307900989455859723": -1
      }
    },
    {
      "messageId": "1096142807158243469",
      "authorId": "307900989455859723",
      "title": "Test",
      "description": "Test suggestion",
      "image": "https://cdn.discordapp.com/attachments/824177660426977283/1096142624747962389/Site-wiki.png",
      "score": 0,
      "positiveVotes": 0,
      "neutralVotes": 0,
      "negativeVotes": 0
    },
    {
      "messageId": "1096143003246137405",
      "authorId": "307900989455859723",
      "title": "Wrong link test",
      "description": "no image ",
      "image": "https://discord.com/channels/824177660426977280/1096139173662040134/1096140041958457414",
      "score": 0,
      "positiveVotes": 0,
      "neutralVotes": 0,
      "negativeVotes": 0
    },
    {
      "messageId": "1096143005011935384",
      "authorId": "307900989455859723",
      "title": "Wrong link test",
      "description": "no image ",
      "image": "https://discord.com/channels/824177660426977280/1096139173662040134/1096140041958457414",
      "score": -1,
      "positiveVotes": 0,
      "neutralVotes": 0,
      "negativeVotes": 1,
      "votes": {
        "307900989455859723": -1
      }
    },
    {
      "messageId": "1096143774498955324",
      "authorId": "307900989455859723",
      "title": "asd",
      "description": "Test",
      "image": "None",
      "score": 1,
      "positiveVotes": 1,
      "neutralVotes": 0,
      "negativeVotes": 0,
      "votes": {
        "307900989455859723": 1
      }
    },
    {
      "messageId": "1096143777221070878",
      "authorId": "307900989455859723",
      "title": "asd",
      "description": "Test",
      "image": "None",
      "score": 0,
      "positiveVotes": 0,
      "neutralVotes": 1,
      "negativeVotes": 0,
      "votes": {
        "307900989455859723": 0
      }
    },
    {
      "messageId": "1096147543018192978",
      "authorId": "836538038255353906",
      "title": "Test suggestion Stevee",
      "description": "sauiosdhyaskdfhlkasdfjlkasdjlkasjdklsadjklasjdklasjdlas",
      "image": "None",
      "score": 0,
      "positiveVotes": 0,
      "neutralVotes": 0,
      "negativeVotes": 0
    },
    {
      "messageId": "1096147641995378829",
      "authorId": "307900989455859723",
      "title": "What about now?",
      "description": "asdaælsdklaæsdkæaslkdlæsakdælaskdlæsakdlæksalækdæaskd",
      "image": "None",
      "score": 0,
      "positiveVotes": 0,
      "neutralVotes": 0,
      "negativeVotes": 0
    },
    {
      "messageId": "1096147643635351624",
      "authorId": "307900989455859723",
      "title": "What about now?",
      "description": "asdaælsdklaæsdkæaslkdlæsakdælaskdlæsakdlæksalækdæaskd",
      "image": "None",
      "score": 0,
      "positiveVotes": 0,
      "neutralVotes": 0,
      "negativeVotes": 0
    },
    {
      "messageId": "1096151503946911854",
      "authorId": "307900989455859723",
      "title": "Hej",
      "description": "asdælkjkkkfkkkkkkkkkkkkkkkkkkkkkkkkkkkkkkkkkkkkkkkkkkkkkkkkkkkkkkkkk",
      "image": "None",
      "score": 0,
      "positiveVotes": 0,
      "neutralVotes": 0,
      "negativeVotes": 0
    },
    {
      "messageId": "1096151506157314129",
      "authorId": "307900989455859723",
      "title": "Hej",
      "description": "asdælkjkkkfkkkkkkkkkkkkkkkkkkkkkkkkkkkkkkkkkkkkkkkkkkkkkkkkkkkkkkkkk",
      "image": "None",
      "score": 0,
      "positiveVotes": 0,
      "neutralVotes": 0,
      "negativeVotes": 0
    },
    {
      "messageId": "1096155449553846344",
      "authorId": "307900989455859723",
      "title": "Test",
      "description": "asdlæksadddddddddddddddddddddddddddddddddddddddddddddddddddddddddddddddd",
      "image": "None",
      "score": 0,
      "positiveVotes": 0,
      "neutralVotes": 0,
      "negativeVotes": 0
    },
    {
      "messageId": "1096162772590530570",
      "authorId": "307900989455859723",
      "title": "Test",
      "description": "Test suggestion, cool. asældfkaslædfksalædksalædkasældkaslædk",
      "image": "None",
      "score": 2,
      "positiveVotes": 2,
      "neutralVotes": 0,
      "negativeVotes": 0,
      "votes": {
        "307900989455859723": 1,
        "836538038255353906": 1
      }
    },
    {
      "messageId": "1097544432523419739",
      "authorId": "307900989455859723",
      "title": "Suggestion test!",
      "description": "Test suggestion............................................",
      "image": "None",
      "score": 0,
      "positiveVotes": 0,
      "neutralVotes": 0,
      "negativeVotes": 0
    }
  ]
}