{
  "suggestionChannel": "1097530001219391559",
  "suggestions": [
    {
      "messageId": "1097531347054121051",
      "authorId": "303857638171607040",
      "title": "Add a Profman Spray to the game",
      "description": "It must be clear why we need to do this, yes plssssssss",
      "image": "https://cdn.wikimg.net/en/tcfwiki/images/1/10/Wiki_Logo_notext.png",
      "score": -1,
      "positiveVotes": 0,
      "neutralVotes": 0,
      "negativeVotes": 1,
      "votes": {
        "307900989455859723": -1
      }
    },
    {
      "messageId": "1097532498776424518",
      "authorId": "307900989455859723",
      "title": "Test",
      "description": "asdkljjjsdddddddddddddddddddddddddddddddddddddddddddddddddddddddddddddd",
      "image": "None",
      "score": 0,
      "positiveVotes": 0,
      "neutralVotes": 1,
      "negativeVotes": 0,
      "votes": {
        "303857638171607040": 0
      }
    }
  ]
}